0x00000800,__RAMM1_00000800(2),,__RAMM1_00000802(2),,__RAMM1_00000804(2),,__RAMM1_00000806(2),,__RAMM1_00000808(2),,__RAMM1_0000080A(2),,__RAMM1_0000080C(2),,__RAMM1_0000080E(2),,
0x000007F0,__RAMM1_000007F0(2),,__RAMM1_000007F2(2),,__RAMM1_000007F4(2),,__RAMM1_000007F6(2),,__RAMM1_000007F8(2),,__RAMM1_000007FA(2),,__RAMM1_000007FC(2),,__RAMM1_000007FE(2),,
0x000007E0,__RAMM1_000007E0(2),,__RAMM1_000007E2(2),,__RAMM1_000007E4(2),,__RAMM1_000007E6(2),,__RAMM1_000007E8(2),,__RAMM1_000007EA(2),,__RAMM1_000007EC(2),,__RAMM1_000007EE(2),,
0x000007D0,__RAMM1_000007D0(2),,__RAMM1_000007D2(2),,__RAMM1_000007D4(2),,__RAMM1_000007D6(2),,__RAMM1_000007D8(2),,__RAMM1_000007DA(2),,__RAMM1_000007DC(2),,__RAMM1_000007DE(2),,
0x000007C0,__RAMM1_000007C0(2),,__RAMM1_000007C2(2),,__RAMM1_000007C4(2),,__RAMM1_000007C6(2),,__RAMM1_000007C8(2),,__RAMM1_000007CA(2),,__RAMM1_000007CC(2),,__RAMM1_000007CE(2),,
0x000007B0,__RAMM1_000007B0(2),,__RAMM1_000007B2(2),,__RAMM1_000007B4(2),,__RAMM1_000007B6(2),,__RAMM1_000007B8(2),,__RAMM1_000007BA(2),,__RAMM1_000007BC(2),,__RAMM1_000007BE(2),,
0x000007A0,__RAMM1_000007A0(2),,__RAMM1_000007A2(2),,__RAMM1_000007A4(2),,__RAMM1_000007A6(2),,__RAMM1_000007A8(2),,__RAMM1_000007AA(2),,__RAMM1_000007AC(2),,__RAMM1_000007AE(2),,
0x00000790,__RAMM1_00000790(2),,__RAMM1_00000792(2),,__RAMM1_00000794(2),,__RAMM1_00000796(2),,__RAMM1_00000798(2),,__RAMM1_0000079A(2),,__RAMM1_0000079C(2),,__RAMM1_0000079E(2),,
0x00000780,__RAMM1_00000780(2),,__RAMM1_00000782(2),,__RAMM1_00000784(2),,__RAMM1_00000786(2),,__RAMM1_00000788(2),,__RAMM1_0000078A(2),,__RAMM1_0000078C(2),,__RAMM1_0000078E(2),,
0x00000770,__RAMM1_00000770(2),,__RAMM1_00000772(2),,__RAMM1_00000774(2),,__RAMM1_00000776(2),,__RAMM1_00000778(2),,__RAMM1_0000077A(2),,__RAMM1_0000077C(2),,__RAMM1_0000077E(2),,
0x00000760,__RAMM1_00000760(2),,__RAMM1_00000762(2),,__RAMM1_00000764(2),,__RAMM1_00000766(2),,__RAMM1_00000768(2),,__RAMM1_0000076A(2),,__RAMM1_0000076C(2),,__RAMM1_0000076E(2),,
0x00000750,__RAMM1_00000750(2),,__RAMM1_00000752(2),,__RAMM1_00000754(2),,__RAMM1_00000756(2),,__RAMM1_00000758(2),,__RAMM1_0000075A(2),,__RAMM1_0000075C(2),,__RAMM1_0000075E(2),,
0x00000740,__RAMM1_00000740(2),,__RAMM1_00000742(2),,__RAMM1_00000744(2),,__RAMM1_00000746(2),,__RAMM1_00000748(2),,__RAMM1_0000074A(2),,__RAMM1_0000074C(2),,__RAMM1_0000074E(2),,
0x00000730,__RAMM1_00000730(2),,__RAMM1_00000732(2),,__RAMM1_00000734(2),,__RAMM1_00000736(2),,__RAMM1_00000738(2),,__RAMM1_0000073A(2),,__RAMM1_0000073C(2),,__RAMM1_0000073E(2),,
0x00000720,__RAMM1_00000720(2),,__RAMM1_00000722(2),,__RAMM1_00000724(2),,__RAMM1_00000726(2),,__RAMM1_00000728(2),,__RAMM1_0000072A(2),,__RAMM1_0000072C(2),,__RAMM1_0000072E(2),,
0x00000710,__RAMM1_00000710(2),,__RAMM1_00000712(2),,__RAMM1_00000714(2),,__RAMM1_00000716(2),,__RAMM1_00000718(2),,__RAMM1_0000071A(2),,__RAMM1_0000071C(2),,__RAMM1_0000071E(2),,
0x00000700,__RAMM1_00000700(2),,__RAMM1_00000702(2),,__RAMM1_00000704(2),,__RAMM1_00000706(2),,__RAMM1_00000708(2),,__RAMM1_0000070A(2),,__RAMM1_0000070C(2),,__RAMM1_0000070E(2),,
0x000006F0,__RAMM1_000006F0(2),,__RAMM1_000006F2(2),,__RAMM1_000006F4(2),,__RAMM1_000006F6(2),,__RAMM1_000006F8(2),,__RAMM1_000006FA(2),,__RAMM1_000006FC(2),,__RAMM1_000006FE(2),,
0x000006E0,__RAMM1_000006E0(2),,__RAMM1_000006E2(2),,__RAMM1_000006E4(2),,__RAMM1_000006E6(2),,__RAMM1_000006E8(2),,__RAMM1_000006EA(2),,__RAMM1_000006EC(2),,__RAMM1_000006EE(2),,
0x000006D0,__RAMM1_000006D0(2),,__RAMM1_000006D2(2),,__RAMM1_000006D4(2),,__RAMM1_000006D6(2),,__RAMM1_000006D8(2),,__RAMM1_000006DA(2),,__RAMM1_000006DC(2),,__RAMM1_000006DE(2),,
0x000006C0,__RAMM1_000006C0(2),,__RAMM1_000006C2(2),,__RAMM1_000006C4(2),,__RAMM1_000006C6(2),,__RAMM1_000006C8(2),,__RAMM1_000006CA(2),,__RAMM1_000006CC(2),,__RAMM1_000006CE(2),,
0x000006B0,__RAMM1_000006B0(2),,__RAMM1_000006B2(2),,__RAMM1_000006B4(2),,__RAMM1_000006B6(2),,__RAMM1_000006B8(2),,__RAMM1_000006BA(2),,__RAMM1_000006BC(2),,__RAMM1_000006BE(2),,
0x000006A0,__RAMM1_000006A0(2),,__RAMM1_000006A2(2),,__RAMM1_000006A4(2),,__RAMM1_000006A6(2),,__RAMM1_000006A8(2),,__RAMM1_000006AA(2),,__RAMM1_000006AC(2),,__RAMM1_000006AE(2),,
0x00000690,__RAMM1_00000690(2),,__RAMM1_00000692(2),,__RAMM1_00000694(2),,__RAMM1_00000696(2),,__RAMM1_00000698(2),,__RAMM1_0000069A(2),,__RAMM1_0000069C(2),,__RAMM1_0000069E(2),,
0x00000680,__RAMM1_00000680(2),,__RAMM1_00000682(2),,__RAMM1_00000684(2),,__RAMM1_00000686(2),,__RAMM1_00000688(2),,__RAMM1_0000068A(2),,__RAMM1_0000068C(2),,__RAMM1_0000068E(2),,
0x00000670,__RAMM1_00000670(2),,__RAMM1_00000672(2),,__RAMM1_00000674(2),,__RAMM1_00000676(2),,__RAMM1_00000678(2),,__RAMM1_0000067A(2),,__RAMM1_0000067C(2),,__RAMM1_0000067E(2),,
0x00000660,__RAMM1_00000660(2),,__RAMM1_00000662(2),,__RAMM1_00000664(2),,__RAMM1_00000666(2),,__RAMM1_00000668(2),,__RAMM1_0000066A(2),,__RAMM1_0000066C(2),,__RAMM1_0000066E(2),,
0x00000650,__RAMM1_00000650(2),,__RAMM1_00000652(2),,__RAMM1_00000654(2),,__RAMM1_00000656(2),,__RAMM1_00000658(2),,__RAMM1_0000065A(2),,__RAMM1_0000065C(2),,__RAMM1_0000065E(2),,
0x00000640,__RAMM1_00000640(2),,__RAMM1_00000642(2),,__RAMM1_00000644(2),,__RAMM1_00000646(2),,__RAMM1_00000648(2),,__RAMM1_0000064A(2),,__RAMM1_0000064C(2),,__RAMM1_0000064E(2),,
0x00000630,__RAMM1_00000630(2),,__RAMM1_00000632(2),,__RAMM1_00000634(2),,__RAMM1_00000636(2),,__RAMM1_00000638(2),,__RAMM1_0000063A(2),,__RAMM1_0000063C(2),,__RAMM1_0000063E(2),,
0x00000620,__RAMM1_00000620(2),,__RAMM1_00000622(2),,__RAMM1_00000624(2),,__RAMM1_00000626(2),,__RAMM1_00000628(2),,__RAMM1_0000062A(2),,__RAMM1_0000062C(2),,__RAMM1_0000062E(2),,
0x00000610,__RAMM1_00000610(2),,__RAMM1_00000612(2),,__RAMM1_00000614(2),,__RAMM1_00000616(2),,__RAMM1_00000618(2),,__RAMM1_0000061A(2),,__RAMM1_0000061C(2),,__RAMM1_0000061E(2),,
0x00000600,__RAMM1_00000600(2),,__RAMM1_00000602(2),,__RAMM1_00000604(2),,__RAMM1_00000606(2),,__RAMM1_00000608(2),,__RAMM1_0000060A(2),,__RAMM1_0000060C(2),,__RAMM1_0000060E(2),,
0x000005F0,__RAMM1_000005F0(2),,__RAMM1_000005F2(2),,__RAMM1_000005F4(2),,__RAMM1_000005F6(2),,__RAMM1_000005F8(2),,__RAMM1_000005FA(2),,__RAMM1_000005FC(2),,__RAMM1_000005FE(2),,
0x000005E0,__RAMM1_000005E0(2),,__RAMM1_000005E2(2),,__RAMM1_000005E4(2),,__RAMM1_000005E6(2),,__RAMM1_000005E8(2),,__RAMM1_000005EA(2),,__RAMM1_000005EC(2),,__RAMM1_000005EE(2),,
0x000005D0,__RAMM1_000005D0(2),,__RAMM1_000005D2(2),,__RAMM1_000005D4(2),,__RAMM1_000005D6(2),,__RAMM1_000005D8(2),,__RAMM1_000005DA(2),,__RAMM1_000005DC(2),,__RAMM1_000005DE(2),,
0x000005C0,__RAMM1_000005C0(2),,__RAMM1_000005C2(2),,__RAMM1_000005C4(2),,__RAMM1_000005C6(2),,__RAMM1_000005C8(2),,__RAMM1_000005CA(2),,__RAMM1_000005CC(2),,__RAMM1_000005CE(2),,
0x000005B0,__RAMM1_000005B0(2),,__RAMM1_000005B2(2),,__RAMM1_000005B4(2),,__RAMM1_000005B6(2),,__RAMM1_000005B8(2),,__RAMM1_000005BA(2),,__RAMM1_000005BC(2),,__RAMM1_000005BE(2),,
0x000005A0,__RAMM1_000005A0(2),,__RAMM1_000005A2(2),,__RAMM1_000005A4(2),,__RAMM1_000005A6(2),,__RAMM1_000005A8(2),,__RAMM1_000005AA(2),,__RAMM1_000005AC(2),,__RAMM1_000005AE(2),,
0x00000590,__RAMM1_00000590(2),,__RAMM1_00000592(2),,__RAMM1_00000594(2),,__RAMM1_00000596(2),,__RAMM1_00000598(2),,__RAMM1_0000059A(2),,__RAMM1_0000059C(2),,__RAMM1_0000059E(2),,
0x00000580,__RAMM1_00000580(2),,__RAMM1_00000582(2),,__RAMM1_00000584(2),,__RAMM1_00000586(2),,__RAMM1_00000588(2),,__RAMM1_0000058A(2),,__RAMM1_0000058C(2),,__RAMM1_0000058E(2),,
0x00000570,__RAMM1_00000570(2),,__RAMM1_00000572(2),,__RAMM1_00000574(2),,__RAMM1_00000576(2),,__RAMM1_00000578(2),,__RAMM1_0000057A(2),,__RAMM1_0000057C(2),,__RAMM1_0000057E(2),,
0x00000560,__RAMM1_00000560(2),,__RAMM1_00000562(2),,__RAMM1_00000564(2),,__RAMM1_00000566(2),,__RAMM1_00000568(2),,__RAMM1_0000056A(2),,__RAMM1_0000056C(2),,__RAMM1_0000056E(2),,
0x00000550,__RAMM1_00000550(2),,__RAMM1_00000552(2),,__RAMM1_00000554(2),,__RAMM1_00000556(2),,__RAMM1_00000558(2),,__RAMM1_0000055A(2),,__RAMM1_0000055C(2),,__RAMM1_0000055E(2),,
0x00000540,__RAMM1_00000540(2),,__RAMM1_00000542(2),,__RAMM1_00000544(2),,__RAMM1_00000546(2),,__RAMM1_00000548(2),,__RAMM1_0000054A(2),,__RAMM1_0000054C(2),,__RAMM1_0000054E(2),,
0x00000530,__RAMM1_00000530(2),,__RAMM1_00000532(2),,__RAMM1_00000534(2),,__RAMM1_00000536(2),,__RAMM1_00000538(2),,__RAMM1_0000053A(2),,__RAMM1_0000053C(2),,__RAMM1_0000053E(2),,
0x00000520,__RAMM1_00000520(2),,__RAMM1_00000522(2),,__RAMM1_00000524(2),,__RAMM1_00000526(2),,__RAMM1_00000528(2),,__RAMM1_0000052A(2),,__RAMM1_0000052C(2),,__RAMM1_0000052E(2),,
0x00000510,__RAMM1_00000510(2),,__RAMM1_00000512(2),,__RAMM1_00000514(2),,__RAMM1_00000516(2),,__RAMM1_00000518(2),,__RAMM1_0000051A(2),,__RAMM1_0000051C(2),,__RAMM1_0000051E(2),,
0x00000500,__RAMM1_00000500(2),,__RAMM1_00000502(2),,__RAMM1_00000504(2),,__RAMM1_00000506(2),,__RAMM1_00000508(2),,__RAMM1_0000050A(2),,__RAMM1_0000050C(2),,__RAMM1_0000050E(2),,
0x000004F0,__RAMM1_000004F0(2),,__RAMM1_000004F2(2),,__RAMM1_000004F4(2),,__RAMM1_000004F6(2),,__RAMM1_000004F8(2),,__RAMM1_000004FA(2),,__RAMM1_000004FC(2),,__RAMM1_000004FE(2),,
0x000004E0,__RAMM1_000004E0(2),,__RAMM1_000004E2(2),,__RAMM1_000004E4(2),,__RAMM1_000004E6(2),,__RAMM1_000004E8(2),,__RAMM1_000004EA(2),,__RAMM1_000004EC(2),,__RAMM1_000004EE(2),,
0x000004D0,__RAMM1_000004D0(2),,__RAMM1_000004D2(2),,__RAMM1_000004D4(2),,__RAMM1_000004D6(2),,__RAMM1_000004D8(2),,__RAMM1_000004DA(2),,__RAMM1_000004DC(2),,__RAMM1_000004DE(2),,
0x000004C0,__RAMM1_000004C0(2),,__RAMM1_000004C2(2),,__RAMM1_000004C4(2),,__RAMM1_000004C6(2),,__RAMM1_000004C8(2),,__RAMM1_000004CA(2),,__RAMM1_000004CC(2),,__RAMM1_000004CE(2),,
0x000004B0,__RAMM1_000004B0(2),,__RAMM1_000004B2(2),,__RAMM1_000004B4(2),,__RAMM1_000004B6(2),,__RAMM1_000004B8(2),,__RAMM1_000004BA(2),,__RAMM1_000004BC(2),,__RAMM1_000004BE(2),,
0x000004A0,__RAMM1_000004A0(2),,__RAMM1_000004A2(2),,__RAMM1_000004A4(2),,__RAMM1_000004A6(2),,__RAMM1_000004A8(2),,__RAMM1_000004AA(2),,__RAMM1_000004AC(2),,__RAMM1_000004AE(2),,
0x00000490,__RAMM1_00000490(2),,__RAMM1_00000492(2),,__RAMM1_00000494(2),,__RAMM1_00000496(2),,__RAMM1_00000498(2),,__RAMM1_0000049A(2),,__RAMM1_0000049C(2),,__RAMM1_0000049E(2),,
0x00000480,__RAMM1_00000480(2),,__RAMM1_00000482(2),,__RAMM1_00000484(2),,__RAMM1_00000486(2),,__RAMM1_00000488(2),,__RAMM1_0000048A(2),,__RAMM1_0000048C(2),,__RAMM1_0000048E(2),,
0x00000470,__RAMM1_00000470(2),,__RAMM1_00000472(2),,__RAMM1_00000474(2),,__RAMM1_00000476(2),,__RAMM1_00000478(2),,__RAMM1_0000047A(2),,__RAMM1_0000047C(2),,__RAMM1_0000047E(2),,
0x00000460,__RAMM1_00000460(2),,__RAMM1_00000462(2),,__RAMM1_00000464(2),,__RAMM1_00000466(2),,__RAMM1_00000468(2),,__RAMM1_0000046A(2),,__RAMM1_0000046C(2),,__RAMM1_0000046E(2),,
0x00000450,__RAMM1_00000450(2),,__RAMM1_00000452(2),,__RAMM1_00000454(2),,__RAMM1_00000456(2),,__RAMM1_00000458(2),,__RAMM1_0000045A(2),,__RAMM1_0000045C(2),,__RAMM1_0000045E(2),,
0x00000440,__RAMM1_00000440(2),,__RAMM1_00000442(2),,__RAMM1_00000444(2),,__RAMM1_00000446(2),,__RAMM1_00000448(2),,__RAMM1_0000044A(2),,__RAMM1_0000044C(2),,__RAMM1_0000044E(2),,
0x00000430,__RAMM1_00000430(2),,__RAMM1_00000432(2),,__RAMM1_00000434(2),,__RAMM1_00000436(2),,__RAMM1_00000438(2),,__RAMM1_0000043A(2),,__RAMM1_0000043C(2),,__RAMM1_0000043E(2),,
0x00000420,__RAMM1_00000420(2),,__RAMM1_00000422(2),,__RAMM1_00000424(2),,__RAMM1_00000426(2),,__RAMM1_00000428(2),,__RAMM1_0000042A(2),,__RAMM1_0000042C(2),,__RAMM1_0000042E(2),,
0x00000410,__RAMM1_00000410(2),,__RAMM1_00000412(2),,__RAMM1_00000414(2),,__RAMM1_00000416(2),,__RAMM1_00000418(2),,__RAMM1_0000041A(2),,__RAMM1_0000041C(2),,__RAMM1_0000041E(2),,
0x00000400,__RAMM1_00000400(2),,__RAMM1_00000402(2),,__RAMM1_00000404(2),,__RAMM1_00000406(2),,__RAMM1_00000408(2),,__RAMM1_0000040A(2),,__RAMM1_0000040C(2),,__RAMM1_0000040E(2),,
